[
    {
        "nim":"A11.2021.13315",
        "nama":"Bagus Surya Mahendra",
        "alamat":"Semarang",
        "jurusan":"Teknik Informatika",
        "MK":[
            {
                "mk_kode":"101",
                "nama_mk":"Sistem basis data"
            },
            {
                "mk_kode":"102",
                "nama_mk":"Aljabar Linier"
            },
            {
                "mk_kode":"103",
                "nama_mk":"Analisa Algoritma"
            },
            {
                "mk_kode":"104",
                "nama_mk":"Kecerdasan Buatan"
            },
            { 
                "mk_kode":"105",
                "nama_mk":"Jaringan Komputer"
            }
        ]
    },
    {
        "nim":"1236",
        "nama":"Mira Rahmawan",
        "alamat":"Pemalang",
        "jurusan":"Sistem Informasi",
        "MK":[ 
            { 
                "mk_kode":"301",
                "nama_mk":"Analisa Proses Bisnis"
            },
            { 
                "mk_kode":"302",
                "nama_mk":"Database Terdistribusi"
            },
            { 
                "mk_kode":"303",
                "nama_mk":"Etika Profesi"
            },
            { 
                "mk_kode":"304",
                "nama_mk":"Rekayasa Web"
            },
            { 
                "mk_kode":"305",
                "nama_mk":"Audit Sistem Informasi"
            }
        ]

    }
]